{
  "dataset": "cifar10",
  "diffusion": {
    "timesteps": 1000,
    "beta_start": 0.0001,
    "beta_end": 0.02,
    "beta_schedule": "quad",
    "model_mean_type": "eps",
    "model_var_type": "fixed-large",
    "loss_type": "mse"
  },
  "model": {
    "in_channels": 3,
    "hid_channels": 128,
    "ch_multipliers": [1, 2, 2, 2],
    "num_res_blocks": 2,
    "apply_attn": [false, true, false, false],
    "drop_rate": 0.1
  },
  "train": {
    "model_lr": 2e-4,
    "value_lr": 1e-3,
    "policy_lr": 1e-2,
    "batch_size": 128,
    "grad_norm": 1.0,
    "epochs": 2040,
    "warmup": 5000,
    "warmup_v": 0,
    "warmup_pi": 0,
    "use_ema": true,
    "ema_decay": 0.9999,
    "image_intv": 100,
    "chkpt_dir": "/root/ddpm-torch-rl/chkpts/ours",
    "chkpt_intv": 1000,
    "num_samples": 64,
    "use_baseline": false,
    "alg": "reinforce",
    "max_buffer_length": 5,
    "n_features_to_select": 3,
    "update_policy": 40,
    "ent_coef": 1e-2,
    "clip_ratio": 1e-3
  },
  "ActorNetwork":{
    "input_channels": 3,
    "hidden_dim": 256,
    "hidden_depth": 2,
    "initialize": true    
  },
  "ValueNetwork":{
    "input_channels": 3,
    "hidden_dim": 256,
    "hidden_depth": 4,
    "initialize": false    
  }
}
